mean_fit_time,std_fit_time,mean_score_time,std_score_time,param_n_estimators,param_min_weight_fraction_leaf,param_min_samples_leaf,param_max_depth,params,split0_test_roc_auc,mean_test_roc_auc,std_test_roc_auc,rank_test_roc_auc,split0_test_f1,mean_test_f1,std_test_f1,rank_test_f1
2.325709342956543,0.0,3.981217861175537,0.0,30,0.005005,55,55,"{'n_estimators': 30, 'min_weight_fraction_leaf': 0.005005, 'min_samples_leaf': 55, 'max_depth': 55}",0.7618409574173064,0.7618409574173064,0.0,6,0.6743824982357093,0.6743824982357093,0.0,6
5.052300214767456,0.0,1.6895520687103271,0.0,100,0.001675,10,100,"{'n_estimators': 100, 'min_weight_fraction_leaf': 0.001675, 'min_samples_leaf': 10, 'max_depth': 100}",0.7979789189385751,0.7979789189385751,0.0,1,0.7139892665474061,0.7139892665474061,0.0,1
1.9910917282104492,0.0,4.074231386184692,0.0,30,1e-05,32,10,"{'n_estimators': 30, 'min_weight_fraction_leaf': 1e-05, 'min_samples_leaf': 32, 'max_depth': 10}",0.7733692048936066,0.7733692048936066,0.0,3,0.6788017772681668,0.6788017772681668,0.0,5
6.197712421417236,0.0,0.6675024032592773,0.0,150,0.00667,10,77,"{'n_estimators': 150, 'min_weight_fraction_leaf': 0.00667, 'min_samples_leaf': 10, 'max_depth': 77}",0.7578959306017907,0.7578959306017907,0.0,7,0.6720199363145507,0.6720199363145507,0.0,7
3.5462806224823,0.0,2.7762930393218994,0.0,100,0.008335,100,55,"{'n_estimators': 100, 'min_weight_fraction_leaf': 0.008335, 'min_samples_leaf': 100, 'max_depth': 55}",0.7476534541344673,0.7476534541344673,0.0,9,0.6640327164344633,0.6640327164344633,0.0,9
2.212165117263794,0.0,4.094762086868286,0.0,30,0.001675,77,10,"{'n_estimators': 30, 'min_weight_fraction_leaf': 0.001675, 'min_samples_leaf': 77, 'max_depth': 10}",0.7674765132373257,0.7674765132373257,0.0,4,0.6797845898922948,0.6797845898922948,0.0,4
3.515038013458252,0.0,2.791889190673828,0.0,100,0.01,10,32,"{'n_estimators': 100, 'min_weight_fraction_leaf': 0.01, 'min_samples_leaf': 10, 'max_depth': 32}",0.7415513953948791,0.7415513953948791,0.0,10,0.659732334789543,0.659732334789543,0.0,10
3.8603975772857666,0.0,2.763292074203491,0.0,100,0.005005,55,55,"{'n_estimators': 100, 'min_weight_fraction_leaf': 0.005005, 'min_samples_leaf': 55, 'max_depth': 55}",0.7660950210671036,0.7660950210671036,0.0,5,0.6824356940900628,0.6824356940900628,0.0,3
2.4112443923950195,0.0,3.8327627182006836,0.0,30,0.00667,32,32,"{'n_estimators': 30, 'min_weight_fraction_leaf': 0.00667, 'min_samples_leaf': 32, 'max_depth': 32}",0.7519516501615616,0.7519516501615616,0.0,8,0.6682497555524515,0.6682497555524515,0.0,8
6.752164840698242,0.0,0.21644997596740723,0.0,150,0.00334,10,55,"{'n_estimators': 150, 'min_weight_fraction_leaf': 0.00334, 'min_samples_leaf': 10, 'max_depth': 55}",0.7811146391301201,0.7811146391301201,0.0,2,0.6951143234415177,0.6951143234415177,0.0,2
